{"cameraMode":{"drawMode":0,"name":"Shaded","section":"Shading Mode"},"sceneLighting":false,"audioPlay":false,"sceneViewState":{"m_AlwaysRefresh":false,"showFog":true,"showSkybox":false,"showFlares":true,"showImageEffects":true,"showParticleSystems":true,"showVisualEffectGraphs":true,"m_FxEnabled":true},"in2DMode":false,"pivot":{"x":48.60491180419922,"y":116.47599792480469,"z":85.27100372314453},"rotation":{"x":-0.002421732060611248,"y":0.9729763865470886,"z":0.010216758586466313,"w":0.23068784177303315},"size":1.3468279838562012,"orthographic":true}